Fixed parameters,,,,,,,,,Constants:,4 fin collar,Brass Probe 42.0g (5 mass),Motor ERM Mass 5,Motor Depth is Max
,Fins,4,,,,,,This is not force,,,,,
,Shell Material,Brass,,,,,,Corrected in code,,4 fin collar ,42.1 (1 mass) ,,
,Total mass,,,,,,,,,4 fin collar,42.4 (3 Mass),,
ERM Mass (g?),Voltage (V),Current (mA),Peak Frequency,Omega (rad/s),Depth Measured (mm),Total Depth (mm),Final Power (mW),Force,,,,,
5,7.40,176,108,679,-8.4,51.8,1302,1151,,,,,
5,7.40,162,115,723,-2.5,57.7,1199,1305,,,,,
5,7.40,162,116,729,5.9,66.1,1199,1328,,,,,
5,7.40,162,117,735,3.5,63.7,1199,1351,,,,,
5,7.40,162,119,748,-2.2,58,1199,1398,,,,,
5,6.40,151,97,609,-4.9,55.3,966,929,,,,,
5,6.40,131,104,653,-1.9,58.3,838,1067,,,,,
5,6.40,134,103,647,-8.2,52,858,1047,,,,,
5,6.40,132,103,647,5.8,66,845,1047,,,,,
5,6.40,130,112,704,-6.1,60.2,832,1238,,,,,
5,5.40,114,86,540,-8.2,52,616,730,,,,,
5,5.40,101,91,572,-3.5,56.7,545,817,,,,,
5,5.40,100,91,572,6.3,66.5,540,817,,,,,
5,5.40,97,92,578,11.7,71.9,524,835,,,,,
5,5.40,99,92,578,7.6,67.8,535,835,,,,,
5,4.40,88,73,459,-17,43.2,387,526,,,,,
5,4.40,74,79,496,-9,51.2,326,616,,,,,
5,4.40,71,78,490,-7.9,52.3,312,600,,,,,
5,4.40,74,79,496,-6,54.2,326,616,,,,,
5,4.40,71,78,490,-7.7,52.5,312,600,,,,,
5,3.40,67,57,358,-30,30.2,228,321,,,,,
5,3.40,56,61,383,-25.6,34.6,190,367,,,,,
5,3.40,49,63,396,-17.9,42.3,167,392,,,,,
5,3.40,51,62,390,-20.9,39.3,173,379,,,,,
5,3.40,54,61,383,-24.7,35.5,184,367,,,,,
3,7.40,94,143,898,-9,51.2,696,1211,,,,,
3,7.40,92,144,905,-9.9,50.3,681,1228,,,,,
3,7.40,91,146,917,-12.9,47.3,673,1262,,,,,
3,7.40,89,145,911,-13.5,46.7,659,1245,,,,,
3,7.40,89,144,905,-12.3,47.9,659,1228,,,,,
3,7.15,88,139,873,-8.6,51.6,629,1144,,,,,
3,7.15,85,140,880,-12,48.2,608,1161,,,,,
3,7.15,87,140,880,-12.2,48,622,1161,,,,,
3,7.15,86,141,886,-13.4,46.8,615,1177,,,,,
3,7.15,89,139,873,-8,52.2,636,1144,,,,,
3,6.50,77,129,811,-12.3,47.9,501,985,,,,,
3,6.50,73,129,811,-14.7,45.5,475,985,,,,,
3,6.50,72,129,811,-16.4,43.8,468,985,,,,,
3,6.50,73,129,811,-15.4,44.8,475,985,,,,,
3,6.50,77,128,804,-8,52.2,501,970,,,,,
3,6.00,67,120,754,-18.3,41.9,402,853,,,,,
3,6.00,64,120,754,-14.8,45.4,384,853,,,,,
3,6.00,64,120,754,-16.9,43.3,384,853,,,,,
3,6.00,63,120,754,-19.8,40.4,378,853,,,,,
3,6.00,66,120,754,-16.8,43.4,396,853,,,,,
3,4.80,47,99,622,-20.8,39.4,226,580,,,,,
3,4.80,46,99,622,-25.5,34.7,221,580,,,,,
3,4.80,46,99,622,-21.1,39.1,221,580,,,,,
3,4.80,46,99,622,-23.7,36.5,221,580,,,,,
3,4.80,46,99,622,-19,41.2,221,,,,,,
3,8.50,114,159,999,-1.3,58.9,969,,,,,,
3,8.50,111,157,986,-3.7,56.5,944,,,,,,
3,8.50,111,156,980,-2,58.2,944,,,,,,
3,8.50,111,157,986,-1.4,58.8,944,,,,,,
3,8.50,111,158,993,1.2,61.4,944,,,,,,
3,9.50,129,176,1106,-4.6,55.6,1226,,,,,,
3,9.50,130,175,1100,9.1,69.3,1235,,,,,,
3,9.50,130,176,1106,5.6,65.8,1235,,,,,,
3,9.50,129,177,1112,5.5,65.7,1226,,,,,,
3,9.50,130,177,1112,0,60.2,1235,,,,,,
1,12.00,94,245,1539,-20.6,39.6,1128,,36.6,avg,,,
1,12.00,83,237,1489,-19.8,40.4,996,,38.1,37.4,,,
1,12.00,88,235,1477,-19.4,40.8,1056,,,,,,
1,12.00,88,237,1489,-17.95,42.25,1056,,,,,,
1,12.00,88,233,1464,-24.2,36,1056,***,,,,,
1,5.60,42,118,741,-36.3,23.9,235,,,,,,
1,5.60,41,118,741,-37.4,22.8,230,,,,,,
1,5.60,41,118,741,-35.9,24.3,230,,,,,,
1,5.60,42,118,741,-36.7,23.5,235,,,,,,
1,5.60,42,119,748,-35.65,24.55,235,,,,,,
1,8.10,60,169,1062,-30.6,29.6,486,,,,,,
1,8.10,59,170,1068,-28.6,31.6,478,,,,,,
1,8.10,60,169,1062,-27,33.2,486,,,,,,
1,8.10,59,170,1068,-28.3,31.9,478,,,,,,
1,8.10,60,169,1062,-27.1,33.1,486,,,,,,
1,10.00,70,203,1275,-25.1,35.1,700,,,,,,
1,10.00,71,203,1275,-23,37.2,710,,,,,,
1,10.00,71,202,1269,-21.9,38.3,710,,,,,,
1,10.00,73,201,1263,-21.3,38.9,730,,,,,,
1,10.00,73,202,1269,-22.2,38,730,,,,,,
1,12.70,94,248,1558,-24.2,36,1194,,,,,,
1,12.70,99,247,1552,-15.8,44.4,1257,,,,,,
1,12.70,95,248,1558,-16.2,44,1207,,,,,,
1,12.70,98,248,1558,-20.3,39.9,1245,,,,,,
1,12.70,100,246,1546,-15.8,44.4,1270,,,,,,
5,12.70,310,167,1049,42,102.2,3937,,,,,,
5,12.70,319,164,1030,47.7,107.9,4051,,,,,,
5,12.70,310,170,1068,33,93.2,3937,,,,,,
5,12.70,312,169,1062,44,104.2,3962,,,,,,
5,12.70,310,167,1049,42.5,102.7,3937,,,,,,
3,11.80,171,212,1332,23.5,83.7,2018,,,,,,
3,11.80,169,212,1332,12,72.2,1994,,,,,,
3,11.80,170,212,1332,22,82.2,2006,,,,,,
3,11.80,169,210,1319,15.5,75.7,1994,,,,,,
3,11.80,170,210,1319,14.5,74.7,2006,,,,,,
4,9.00,189,134,842,8.1,68.3,1701,SWITCHED TO NEW SETUP,,,,,
4,9.00,188,134,842,6.9,67.1,1692,,,,,,
4,9.00,188,135,848,5.7,65.9,1692,,,,,,
4,9.00,186,134,842,6.6,66.8,1674,,,,,,
4,9.00,186,134,842,6.1,66.3,1674,,,,,,
4,10.50,233,150,942,11.8,72,2447,,,,,,
4,10.50,232,154,968,12.3,72.5,2436,,,,,,
4,10.50,230,150,942,11.4,71.6,2415,,,,,,
4,10.50,230,150,942,10.7,70.9,2415,,,,,,
4,10.50,229,149,936,11.2,71.4,2405,,,,,,
4,11.70,270,160,1005,17.6,77.8,3159,,,,,,
4,11.70,272,162,1018,15.2,75.4,3182,,,,,,
4,11.70,267,162,1018,14.3,74.5,3124,,,,,,
4,11.70,268,161,1012,15.3,75.5,3136,,,,,,
4,11.70,265,163,1024,15,75.2,3101,,,,,,
4,12.70,293,173,1087,17.7,77.9,3721,,,,,,
4,12.70,295,170,1068,20.4,80.6,3747,,,,,,
4,12.70,292,172,1081,18.7,78.9,3708,,,,,,
4,12.70,293,173,1087,19.2,79.4,3721,,,,,,
4,12.70,292,171,1074,19.5,79.7,3708,,,,,,
4,7.80,156,121,760,5.1,65.3,1217,,,,,,
4,7.80,155,122,767,4,64.2,1209,,,,,,
4,7.80,153,121,760,2.1,62.3,1193,,,,,,
4,7.80,153,121,760,0.7,60.9,1193,,,,,,
4,7.80,155,121,760,1.4,61.6,1209,,,,,,
4,5.80,99,96,603,-9.1,51.1,574,,,,,,
4,5.80,100,95,597,-10.6,49.6,580,,,,,,
4,5.80,101,95,597,-10.6,49.6,586,,,,,,
4,5.80,99,95,597,-10.5,49.7,574,,,,,,
4,5.80,100,96,603,-11,49.2,580,,,,,,